Workbook

Sheet Datos Participantes
A1: ID_Participante | B1: DNI | C1: Nombres | D1: Apellidos | E1: Fecha_Prueba | F1: Edad | G1: Sexo | H1: Nivel_TEA | I1: Institucion | J1: Ciudad | K1: Distrito | L1: Sesion | M1: Sesiones_Completadas | N1: Duracion_Minutos | O1: Emociones_Correctas | P1: Emociones_Incorrectas | Q1: Precision_Porcentaje | R1: Tiempo_Respuesta_Promedio_Seg | S1: Nivel_Dificultad | T1: Intentos_Por_Emocion | U1: Porcentaje_Predominante | V1: Emocion_Predominante | W1: Satisfaccion_Usuario | X1: Facilidad_Uso | Y1: Continuaria_Usando | Z1: Observaciones
A2: P001 | B2: 72845123 | C2: Carlos José | D2: Ramírez Sánchez | E2: 2025-11-15 | F2: =RANDBETWEEN(1,18) -> 15 | G2: M | H2: TEA Nivel 1 | I2: Centro TEA Tumbes | J2: Tumbes | K2: Tumbes | L2: 1 | M2: 1 | N2: 42 | O2: 15 | P2: 4 | Q2: =O2/(O2+P2)*100 -> 78.947368 | R2: 5 | S2: Fácil | T2: 3.3 | U2: 60.9 | V2: Feliz | W2: 4 | X2: 3 | Y2: No | Z2: Excelente progreso en reconocimiento emocional
A3: P002 | B3: 71234567 | C3: María Elena | D3: Torres Vega | E3: 2025-10-29 | F3: =RANDBETWEEN(1,18) -> 5 | G3: F | H3: Síndrome de Asperger | I3: Centro TEA Corrales | J3: Tumbes | K3: Corrales | L3: 1 | M3: 1 | N3: 45 | O3: 15 | P3: 8 | Q3: =O3/(O3+P3)*100 -> 65.217391 | R3: 4.5 | S3: Medio | T3: 2.4 | U3: 69.2 | V3: Neutral | W3: 5 | X3: 4 | Y3: Sí
A4: P003 | B4: 74556789 | C4: Jocelyn Luisa | D4: Mendoza Castro | E4: 2025-11-05 | F4: =RANDBETWEEN(1,18) -> 11 | G4: F | H4: TEA Nivel 2 | I4: Centro TEA Zarumilla | J4: Tumbes | K4: Zarumilla | L4: 1 | M4: 3 | N4: 35 | O4: 8 | P4: 4 | Q4: =O4/(O4+P4)*100 -> 66.666667 | R4: 4.7 | S4: Medio | T4: 2.7 | U4: 76.2 | V4: Enojado | W4: 5 | X4: 4 | Y4: No | Z4: Muy motivado con el formato de juego
A5: P003 | B5: 74556789 | C5: Jocelyn Luisa | D5: Mendoza Castro | E5: 2025-10-29 | F5: =RANDBETWEEN(1,18) -> 15 | G5: F | H5: TEA Nivel 2 | I5: Centro TEA Zarumilla | J5: Tumbes | K5: Zarumilla | L5: 2 | M5: 3 | N5: 42 | O5: 9 | P5: 8 | Q5: =O5/(O5+P5)*100 -> 52.941176 | R5: 6 | S5: Medio | T5: 1.7 | U5: 62.2 | V5: Enojado | W5: 4 | X5: 4 | Y5: Sí | Z5: Mostró gran interés en la actividad
A6: P003 | B6: 74556789 | C6: Jocelyn Luisa | D6: Mendoza Castro | E6: 2025-10-31 | F6: =RANDBETWEEN(1,18) -> 14 | G6: F | H6: TEA Nivel 2 | I6: Centro TEA Zarumilla | J6: Tumbes | K6: Zarumilla | L6: 3 | M6: 3 | N6: 39 | O6: 14 | P6: 8 | Q6: =O6/(O6+P6)*100 -> 63.636364 | R6: 5.2 | S6: Difícil | T6: 1.6 | U6: 66.5 | V6: Feliz | W6: 5 | X6: 5 | Y6: Sí | Z6: Pidió repetir algunos ejercicios
A7: P004 | B7: 74567890 | C7: Ana Patricia | D7: García Flores | E7: 2025-11-05 | F7: =RANDBETWEEN(1,18) -> 15 | G7: F | H7: TEA Nivel 1 | I7: Centro TEA Tumbes | J7: Tumbes | K7: Tumbes | L7: 1 | M7: 2 | N7: 38 | O7: 12 | P7: 3 | Q7: =O7/(O7+P7)*100 -> 80 | R7: 5 | S7: Fácil | T7: 1.6 | U7: 44.8 | V7: Enojado | W7: 5 | X7: 3 | Y7: Sí | Z7: Mostró gran interés en la actividad
A8: P004 | B8: 74567890 | C8: Ana Patricia | D8: García Flores | E8: 2025-11-14 | F8: =RANDBETWEEN(1,18) -> 5 | G8: F | H8: TEA Nivel 1 | I8: Centro TEA Tumbes | J8: Tumbes | K8: Tumbes | L8: 2 | M8: 2 | N8: 32 | O8: 18 | P8: 2 | Q8: =O8/(O8+P8)*100 -> 90 | R8: 8.1 | S8: Medio | T8: 3.2 | U8: 49 | V8: Triste | W8: 5 | X8: 5 | Y8: Sí
A9: P005 | B9: 72678901 | C9: Pedro Andrés | D9: Huamán Ruiz | E9: 2025-11-05 | F9: =RANDBETWEEN(1,18) -> 11 | G9: M | H9: TEA Nivel 3 | I9: Centro TEA San Jacinto | J9: Tumbes | K9: San Jacinto | L9: 1 | M9: 1 | N9: 29 | O9: 11 | P9: 13 | Q9: =O9/(O9+P9)*100 -> 45.833333 | R9: 4.4 | S9: Medio | T9: 2.6 | U9: 73.2 | V9: Neutral | W9: 4 | X9: 5 | Y9: Sí | Z9: Pidió repetir algunos ejercicios
A10: P006 | B10: 71789012 | C10: Lucia Fernanda | D10: Pérez Morales | E10: 2025-11-13 | F10: =RANDBETWEEN(1,18) -> 3 | G10: F | H10: Síndrome de Asperger | I10: Centro TEA Tumbes | J10: Tumbes | K10: Tumbes | L10: 1 | M10: 1 | N10: 40 | O10: 15 | P10: 4 | Q10: =O10/(O10+P10)*100 -> 78.947368 | R10: 6.4 | S10: Medio | T10: 1.9 | U10: 53.9 | V10: Enojado | W10: 4 | X10: 4 | Y10: Sí | Z10: Necesita más práctica con emociones sutiles
A11: P007 | B11: 73890123 | C11: Roberto Carlos | D11: Díaz Quispe | E11: 2025-11-03 | F11: =RANDBETWEEN(1,18) -> 12 | G11: M | H11: TEA Nivel 2 | I11: Centro TEA Aguas Verdes | J11: Zarumilla | K11: Aguas Verdes | L11: 1 | M11: 1 | N11: 39 | O11: 10 | P11: 9 | Q11: =O11/(O11+P11)*100 -> 52.631579 | R11: 8.1 | S11: Medio | T11: 2.2 | U11: 73.7 | V11: Disgustado | W11: 5 | X11: 5 | Y11: Sí | Z11: Se distrajo en algunos momentos
A12: P008 | B12: 74901234 | C12: Carmen Rosa | D12: Velásquez Núñez | E12: 2025-10-29 | F12: =RANDBETWEEN(1,18) -> 4 | G12: F | H12: TEA Nivel 1 | I12: Centro TEA Tumbes | J12: Tumbes | K12: Tumbes | L12: 1 | M12: 2 | N12: 37 | O12: 16 | P12: 3 | Q12: =O12/(O12+P12)*100 -> 84.210526 | R12: 7.4 | S12: Medio | T12: 2.4 | U12: 83.3 | V12: Feliz | W12: 5 | X12: 4 | Y12: No | Z12: Buena concentración durante toda la sesión
A13: P008 | B13: 74901234 | C13: Carmen Rosa | D13: Velásquez Núñez | E13: 2025-11-14 | F13: =RANDBETWEEN(1,18) -> 11 | G13: F | H13: TEA Nivel 1 | I13: Centro TEA Tumbes | J13: Tumbes | K13: Tumbes | L13: 2 | M13: 2 | N13: 28 | O13: 15 | P13: 4 | Q13: =O13/(O13+P13)*100 -> 78.947368 | R13: 8.1 | S13: Medio | T13: 2.9 | U13: 85 | V13: Triste | W13: 3 | X13: 3 | Y13: Sí
A14: P009 | B14: 72012345 | C14: Miguel Ángel | D14: Salazar Gómez | E14: 2025-11-13 | F14: =RANDBETWEEN(1,18) -> 2 | G14: M | H14: TEA Nivel 2 | I14: Centro TEA La Cruz | J14: Tumbes | K14: La Cruz | L14: 1 | M14: 2 | N14: 27 | O14: 14 | P14: 7 | Q14: =O14/(O14+P14)*100 -> 66.666667 | R14: 4.8 | S14: Difícil | T14: 3.4 | U14: 72.2 | V14: Disgustado | W14: 5 | X14: 5 | Y14: Sí | Z14: Mostró gran interés en la actividad
A15: P009 | B15: 72012345 | C15: Miguel Ángel | D15: Salazar Gómez | E15: 2025-11-10 | F15: =RANDBETWEEN(1,18) -> 3 | G15: M | H15: TEA Nivel 2 | I15: Centro TEA La Cruz | J15: Tumbes | K15: La Cruz | L15: 2 | M15: 2 | N15: 28 | O15: 13 | P15: 10 | Q15: =O15/(O15+P15)*100 -> 56.521739 | R15: 7 | S15: Difícil | T15: 1.5 | U15: 68.9 | V15: Enojado | W15: 4 | X15: 5 | Y15: Sí | Z15: Buena concentración durante toda la sesión
A16: P010 | B16: 71123456 | C16: Sandra Milena | D16: Rojas Paredes | E16: 2025-11-07 | F16: =RANDBETWEEN(1,18) -> 3 | G16: F | H16: Síndrome de Asperger | I16: Centro TEA Tumbes | J16: Tumbes | K16: Tumbes | L16: 1 | M16: 3 | N16: 41 | O16: 11 | P16: 7 | Q16: =O16/(O16+P16)*100 -> 61.111111 | R16: 7.5 | S16: Medio | T16: 2.3 | U16: 47.6 | V16: Enojado | W16: 5 | X16: 5 | Y16: Sí
A17: P010 | B17: 71123456 | C17: Sandra Milena | D17: Rojas Paredes | E17: 2025-11-06 | F17: =RANDBETWEEN(1,18) -> 13 | G17: F | H17: Síndrome de Asperger | I17: Centro TEA Tumbes | J17: Tumbes | K17: Tumbes | L17: 2 | M17: 3 | N17: 43 | O17: 15 | P17: 5 | Q17: =O17/(O17+P17)*100 -> 75 | R17: 6 | S17: Medio | T17: 2.4 | U17: 52.5 | V17: Neutral | W17: 3 | X17: 3 | Y17: Sí | Z17: Mostró gran interés en la actividad
A18: P010 | B18: 71123456 | C18: Sandra Milena | D18: Rojas Paredes | E18: 2025-11-11 | F18: =RANDBETWEEN(1,18) -> 11 | G18: F | H18: Síndrome de Asperger | I18: Centro TEA Tumbes | J18: Tumbes | K18: Tumbes | L18: 3 | M18: 3 | N18: 34 | O18: 10 | P18: 3 | Q18: =O18/(O18+P18)*100 -> 76.923077 | R18: 5.5 | S18: Medio | T18: 1.6 | U18: 83.9 | V18: Neutral | W18: 5 | X18: 5 | Y18: Sí | Z18: Pidió repetir algunos ejercicios
A19: P011 | B19: 72345677 | C19: Daniel Eduardo | D19: Chávez Silupu | E19: 2025-11-05 | F19: =RANDBETWEEN(1,18) -> 18 | G19: M | H19: TEA Nivel 3 | I19: Centro TEA Pampas de Hospital | J19: Tumbes | K19: Pampas de Hospital | L19: 1 | M19: 1 | N19: 38 | O19: 7 | P19: 12 | Q19: =O19/(O19+P19)*100 -> 36.842105 | R19: 4.6 | S19: Difícil | T19: 3.5 | U19: 58.2 | V19: Feliz | W19: 5 | X19: 3 | Y19: Sí | Z19: Muy motivado con el formato de juego
A20: P012 | B20: 74345678 | C20: Gabriela Isabel | D20: Castillo Reyes | E20: 2025-10-30 | F20: =RANDBETWEEN(1,18) -> 2 | G20: F | H20: TEA Nivel 1 | I20: Centro TEA Corrales | J20: Tumbes | K20: Corrales | L20: 1 | M20: 2 | N20: 26 | O20: 16 | P20: 2 | Q20: =O20/(O20+P20)*100 -> 88.888889 | R20: 5.5 | S20: Medio | T20: 1.8 | U20: 53.7 | V20: Neutral | W20: 4 | X20: 4 | Y20: Sí | Z20: Muy motivado con el formato de juego
A21: P012 | B21: 74345678 | C21: Gabriela Isabel | D21: Castillo Reyes | E21: 2025-11-11 | F21: =RANDBETWEEN(1,18) -> 2 | G21: F | H21: TEA Nivel 1 | I21: Centro TEA Corrales | J21: Tumbes | K21: Corrales | L21: 2 | M21: 2 | N21: 34 | O21: 13 | P21: 2 | Q21: =O21/(O21+P21)*100 -> 86.666667 | R21: 5.7 | S21: Fácil | T21: 3.2 | U21: 41.7 | V21: Feliz | W21: 5 | X21: 5 | Y21: No | Z21: Pidió repetir algunos ejercicios
A22: P013 | B22: 72456789 | C22: Fernando José | D22: Vargas Medina | E22: 2025-11-09 | F22: =RANDBETWEEN(1,18) -> 2 | G22: M | H22: TEA Nivel 2 | I22: Centro TEA Zarumilla | J22: Tumbes | K22: Zarumilla | L22: 1 | M22: 2 | N22: 41 | O22: 10 | P22: 8 | Q22: =O22/(O22+P22)*100 -> 55.555556 | R22: 7.6 | S22: Difícil | T22: 1.2 | U22: 53.3 | V22: Triste | W22: 4 | X22: 5 | Y22: No | Z22: Necesita más práctica con emociones sutiles
A23: P013 | B23: 72456789 | C23: Fernando José | D23: Vargas Medina | E23: 2025-11-10 | F23: =RANDBETWEEN(1,18) -> 16 | G23: M | H23: TEA Nivel 2 | I23: Centro TEA Zarumilla | J23: Tumbes | K23: Zarumilla | L23: 2 | M23: 2 | N23: 35 | O23: 8 | P23: 8 | Q23: =O23/(O23+P23)*100 -> 50 | R23: 4.8 | S23: Difícil | T23: 2.7 | U23: 68.6 | V23: Enojado | W23: 5 | X23: 3 | Y23: No | Z23: Requirió apoyo adicional del terapeuta
A24: P014 | B24: 71567890 | C24: Paola Andrea | D24: Martínez Guzmán | E24: 2025-11-15 | F24: =RANDBETWEEN(1,18) -> 16 | G24: F | H24: Síndrome de Asperger | I24: Centro TEA Tumbes | J24: Tumbes | K24: Tumbes | L24: 1 | M24: 3 | N24: 28 | O24: 15 | P24: 3 | Q24: =O24/(O24+P24)*100 -> 83.333333 | R24: 6.7 | S24: Medio | T24: 2 | U24: 40.7 | V24: Neutral | W24: 5 | X24: 5 | Y24: No | Z24: Requirió apoyo adicional del terapeuta
A25: P014 | B25: 71567890 | C25: Paola Andrea | D25: Martínez Guzmán | E25: 2025-11-03 | F25: =RANDBETWEEN(1,18) -> 14 | G25: F | H25: Síndrome de Asperger | I25: Centro TEA Tumbes | J25: Tumbes | K25: Tumbes | L25: 2 | M25: 3 | N25: 45 | O25: 13 | P25: 3 | Q25: =O25/(O25+P25)*100 -> 81.25 | R25: 6 | S25: Medio | T25: 2.2 | U25: 74.3 | V25: Disgustado | W25: 5 | X25: 5 | Y25: No | Z25: Excelente progreso en reconocimiento emocional
A26: P014 | B26: 71567890 | C26: Paola Andrea | D26: Martínez Guzmán | E26: 2025-11-13 | F26: =RANDBETWEEN(1,18) -> 18 | G26: F | H26: Síndrome de Asperger | I26: Centro TEA Tumbes | J26: Tumbes | K26: Tumbes | L26: 3 | M26: 3 | N26: 34 | O26: 11 | P26: 6 | Q26: =O26/(O26+P26)*100 -> 64.705882 | R26: 6.4 | S26: Medio | T26: 2 | U26: 74.6 | V26: Feliz | W26: 4 | X26: 3 | Y26: Sí | Z26: Mostró gran interés en la actividad
A27: P015 | B27: 73678901 | C27: Ricardo Manuel | D27: Espinoza León | E27: 2025-11-11 | F27: =RANDBETWEEN(1,18) -> 10 | G27: M | H27: TEA Nivel 1 | I27: Centro TEA San Juan de la Virgen | J27: Tumbes | K27: San Juan de la Virgen | L27: 1 | M27: 1 | N27: 26 | O27: 17 | P27: 5 | Q27: =O27/(O27+P27)*100 -> 77.272727 | R27: 4.5 | S27: Fácil | T27: 3.1 | U27: 43.5 | V27: Enojado | W27: 5 | X27: 4 | Y27: Sí | Z27: Excelente progreso en reconocimiento emocional
A28: P016 | B28: 74789012 | C28: Verónica Esther | D28: Campos Arteaga | E28: 2025-11-07 | F28: =RANDBETWEEN(1,18) -> 9 | G28: F | H28: TEA Nivel 2 | I28: Centro TEA Tumbes | J28: Tumbes | K28: Tumbes | L28: 1 | M28: 1 | N28: 31 | O28: 8 | P28: 9 | Q28: =O28/(O28+P28)*100 -> 47.058824 | R28: 5.7 | S28: Medio | T28: 2.7 | U28: 59.8 | V28: Neutral | W28: 4 | X28: 4 | Y28: Sí | Z28: Comprensión clara de las instrucciones
... A33: P020 | B33: 74123456 | C33: Diana Carolina | D33: Cabrera Montoya | E33: 2025-11-10 | F33: =RANDBETWEEN(1,18) -> 15 | G33: F | H33: TEA Nivel 2 | I33: Centro TEA Tumbes | J33: Tumbes | K33: Tumbes | L33: 1 | M33: 3 | N33: 34 | O33: 12 | P33: 4 | Q33: =O33/(O33+P33)*100 -> 75 | R33: 5.1 | S33: Difícil | T33: 1.8 | U33: 66.8 | V33: Disgustado | W33: 4 | X33: 5 | Y33: Sí | Z33: Requirió apoyo adicional del terapeuta
A34: P020 | B34: 74123456 | C34: Diana Carolina | D34: Cabrera Montoya | E34: 2025-11-13 | F34: =RANDBETWEEN(1,18) -> 4 | G34: F | H34: TEA Nivel 2 | I34: Centro TEA Tumbes | J34: Tumbes | K34: Tumbes | L34: 2 | M34: 3 | N34: 27 | O34: 13 | P34: 9 | Q34: =O34/(O34+P34)*100 -> 59.090909 | R34: 5.9 | S34: Medio | T34: 2.7 | U34: 53.3 | V34: Feliz | W34: 5 | X34: 4 | Y34: Sí
A35: P020 | B35: 74123456 | C35: Diana Carolina | D35: Cabrera Montoya | E35: 2025-11-03 | F35: =RANDBETWEEN(1,18) -> 5 | G35: F | H35: TEA Nivel 2 | I35: Centro TEA Tumbes | J35: Tumbes | K35: Tumbes | L35: 3 | M35: 3 | N35: 39 | O35: 13 | P35: 9 | Q35: =O35/(O35+P35)*100 -> 59.090909 | R35: 6.5 | S35: Medio | T35: 2.7 | U35: 48.6 | V35: Triste | W35: 3 | X35: 4 | Y35: No | Z35: Buena concentración durante toda la sesión
A36: P021 | B36: 72234567 | C36: Arturo Enrique | D36: Gutiérrez Ochoa | E36: 2025-11-14 | F36: =RANDBETWEEN(1,18) -> 5 | G36: M | H36: TEA Nivel 1 | I36: Centro TEA Zarumilla | J36: Tumbes | K36: Zarumilla | L36: 1 | M36: 3 | N36: 42 | O36: 14 | P36: 5 | Q36: =O36/(O36+P36)*100 -> 73.684211 | R36: 7.4 | S36: Fácil | T36: 1.8 | U36: 56 | V36: Triste | W36: 4 | X36: 3 | Y36: No | Z36: Dificultad con emociones complejas
A37: P021 | B37: 72234567 | C37: Arturo Enrique | D37: Gutiérrez Ochoa | E37: 2025-11-14 | F37: =RANDBETWEEN(1,18) -> 9 | G37: M | H37: TEA Nivel 1 | I37: Centro TEA Zarumilla | J37: Tumbes | K37: Zarumilla | L37: 2 | M37: 3 | N37: 41 | O37: 18 | P37: 3 | Q37: =O37/(O37+P37)*100 -> 85.714286 | R37: 5.2 | S37: Fácil | T37: 2.3 | U37: 63.6 | V37: Disgustado | W37: 5 | X37: 4 | Y37: Sí | Z37: Mostró gran interés en la actividad
A38: P021 | B38: 72234567 | C38: Arturo Enrique | D38: Gutiérrez Ochoa | E38: 2025-11-06 | F38: =RANDBETWEEN(1,18) -> 3 | G38: M | H38: TEA Nivel 1 | I38: Centro TEA Zarumilla | J38: Tumbes | K38: Zarumilla | L38: 3 | M38: 3 | N38: 35 | O38: 12 | P38: 3 | Q38: =O38/(O38+P38)*100 -> 80 | R38: 5.4 | S38: Fácil | T38: 1.6 | U38: 78.6 | V38: Neutral | W38: 4 | X38: 4 | Y38: Sí | Z38: Muy motivado con el formato de juego
A39: P022 | B39: 71345678 | C39: Fiorella Vanessa | D39: Romero Dávila | E39: 2025-11-01 | F39: =RANDBETWEEN(1,18) -> 17 | G39: F | H39: Síndrome de Asperger | I39: Centro TEA Tumbes | J39: Tumbes | K39: Tumbes | L39: 1 | M39: 1 | N39: 39 | O39: 11 | P39: 6 | Q39: =O39/(O39+P39)*100 -> 64.705882 | R39: 3.8 | S39: Medio | T39: 2 | U39: 73.1 | V39: Enojado | W39: 3 | X39: 5 | Y39: Sí | Z39: Dificultad con emociones complejas
A40: P023 | B40: 73456790 | C40: Alfredo Santiago | D40: Luna Benites | E40: 2025-11-14 | F40: =RANDBETWEEN(1,18) -> 12 | G40: M | H40: TEA Nivel 3 | I40: Centro TEA San Jacinto | J40: Tumbes | K40: San Jacinto | L40: 1 | M40: 2 | N40: 35 | O40: 9 | P40: 9 | Q40: =O40/(O40+P40)*100 -> 50 | R40: 7.1 | S40: Medio | T40: 2.1 | U40: 62.9 | V40: Neutral | W40: 3 | X40: 4 | Y40: No | Z40: Se distrajo en algunos momentos
A41: P023 | B41: 73456790 | C41: Alfredo Santiago | D41: Luna Benites | E41: 2025-11-02 | F41: =RANDBETWEEN(1,18) -> 15 | G41: M | H41: TEA Nivel 3 | I41: Centro TEA San Jacinto | J41: Tumbes | K41: San Jacinto | L41: 2 | M41: 2 | N41: 34 | O41: 8 | P41: 12 | Q41: =O41/(O41+P41)*100 -> 40 | R41: 6.7 | S41: Difícil | T41: 1.5 | U41: 77.7 | V41: Disgustado | W41: 5 | X41: 3 | Y41: No | Z41: Excelente progreso en reconocimiento emocional
A42: P024 | B42: 74567891 | C42: Claudia Stefany | D42: Jiménez Cruz | E42: 2025-10-30 | F42: =RANDBETWEEN(1,18) -> 5 | G42: F | H42: TEA Nivel 1 | I42: Centro TEA Tumbes | J42: Tumbes | K42: Tumbes | L42: 1 | M42: 2 | N42: 45 | O42: 14 | P42: 6 | Q42: =O42/(O42+P42)*100 -> 70 | R42: 7.8 | S42: Fácil | T42: 1.3 | U42: 78.1 | V42: Enojado | W42: 3 | X42: 5 | Y42: No | Z42: Excelente progreso en reconocimiento emocional
A43: P024 | B43: 74567891 | C43: Claudia Stefany | D43: Jiménez Cruz | E43: 2025-11-04 | F43: =RANDBETWEEN(1,18) -> 13 | G43: F | H43: TEA Nivel 1 | I43: Centro TEA Tumbes | J43: Tumbes | K43: Tumbes | L43: 2 | M43: 2 | N43: 37 | O43: 14 | P43: 3 | Q43: =O43/(O43+P43)*100 -> 82.352941 | R43: 7.5 | S43: Medio | T43: 3.2 | U43: 46.5 | V43: Neutral | W43: 4 | X43: 4 | Y43: Sí | Z43: Dificultad con emociones complejas
A44: P025 | B44: 72678902 | C44: Hugo Ramiro | D44: Vásquez Peña | E44: 2025-11-03 | F44: =RANDBETWEEN(1,18) -> 14 | G44: M | H44: TEA Nivel 2 | I44: Centro TEA Aguas Verdes | J44: Zarumilla | K44: Aguas Verdes | L44: 1 | M44: 1 | N44: 32 | O44: 12 | P44: 6 | Q44: =O44/(O44+P44)*100 -> 66.666667 | R44: 6 | S44: Difícil | T44: 2.3 | U44: 75.1 | V44: Triste | W44: 4 | X44: 4 | Y44: Sí | Z44: Dificultad con emociones complejas
A45: P026 | B45: 71789013 | C45: Ingrid Melissa | D45: Navarro Quispe | E45: 2025-11-15 | F45: =RANDBETWEEN(1,18) -> 4 | G45: F | H45: Síndrome de Asperger | I45: Centro TEA Tumbes | J45: Tumbes | K45: Tumbes | L45: 1 | M45: 1 | N45: 39 | O45: 11 | P45: 7 | Q45: =O45/(O45+P45)*100 -> 61.111111 | R45: 6.1 | S45: Medio | T45: 1.4 | U45: 47.6 | V45: Feliz | W45: 4 | X45: 3 | Y45: Sí
A46: P027 | B46: 73890124 | C46: Oscar Alejandro | D46: Cordero Ramírez | E46: 2025-11-10 | F46: =RANDBETWEEN(1,18) -> 2 | G46: M | H46: TEA Nivel 1 | I46: Centro TEA La Cruz | J46: Tumbes | K46: La Cruz | L46: 1 | M46: 2 | N46: 40 | O46: 16 | P46: 2 | Q46: =O46/(O46+P46)*100 -> 88.888889 | R46: 5.1 | S46: Fácil | T46: 3.3 | U46: 83.1 | V46: Neutral | W46: 4 | X46: 3 | Y46: Sí | Z46: Muy motivado con el formato de juego
A47: P027 | B47: 73890124 | C47: Oscar Alejandro | D47: Cordero Ramírez | E47: 2025-11-04 | F47: =RANDBETWEEN(1,18) -> 3 | G47: M | H47: TEA Nivel 1 | I47: Centro TEA La Cruz | J47: Tumbes | K47: La Cruz | L47: 2 | M47: 2 | N47: 32 | O47: 12 | P47: 3 | Q47: =O47/(O47+P47)*100 -> 80 | R47: 7.5 | S47: Fácil | T47: 1.5 | U47: 52.9 | V47: Feliz | W47: 5 | X47: 3 | Y47: Sí | Z47: Comprensión clara de las instrucciones
A48: P028 | B48: 74901235 | C48: Karina Alejandra | D48: Figueroa Mejía | E48: 2025-11-14 | F48: =RANDBETWEEN(1,18) -> 3 | G48: F | H48: TEA Nivel 2 | I48: Centro TEA Corrales | J48: Tumbes | K48: Corrales | L48: 1 | M48: 1 | N48: 39 | O48: 10 | P48: 9 | Q48: =O48/(O48+P48)*100 -> 52.631579 | R48: 7.6 | S48: Medio | T48: 3 | U48: 75.5 | V48: Triste | W48: 3 | X48: 5 | Y48: No | Z48: Necesita más práctica con emociones sutiles
A49: P029 | B49: 72012346 | C49: Raúl Ernesto | D49: Maldonado Soria | E49: 2025-11-01 | F49: =RANDBETWEEN(1,18) -> 10 | G49: M | H49: TEA Nivel 3 | I49: Centro TEA Tumbes | J49: Tumbes | K49: Tumbes | L49: 1 | M49: 1 | N49: 30 | O49: 11 | P49: 8 | Q49: =O49/(O49+P49)*100 -> 57.894737 | R49: 6.3 | S49: Difícil | T49: 3.1 | U49: 70 | V49: Disgustado | W49: 3 | X49: 3 | Y49: No | Z49: Requirió apoyo adicional del terapeuta
A50: P030 | B50: 71123457 | C50: Natalia Roxana | D50: Sánchez Villegas | E50: 2025-10-29 | F50: =RANDBETWEEN(1,18) -> 5 | G50: F | H50: Síndrome de Asperger | I50: Centro TEA Pampas de Hospital | J50: Tumbes | K50: Pampas de Hospital | L50: 1 | M50: 2 | N50: 35 | O50: 12 | P50: 4 | Q50: =O50/(O50+P50)*100 -> 75 | R50: 6.7 | S50: Medio | T50: 1.6 | U50: 69.2 | V50: Triste | W50: 3 | X50: 5 | Y50: Sí | Z50: Necesita más práctica con emociones sutiles
A51: P030 | B51: 71123457 | C51: Natalia Roxana | D51: Sánchez Villegas | E51: 2025-11-06 | F51: =RANDBETWEEN(1,18) -> 7 | G51: F | H51: Síndrome de Asperger | I51: Centro TEA Pampas de Hospital | J51: Tumbes | K51: Pampas de Hospital | L51: 2 | M51: 2 | N51: 26 | O51: 13 | P51: 3 | Q51: =O51/(O51+P51)*100 -> 81.25 | R51: 4.1 | S51: Medio | T51: 1.9 | U51: 44.6 | V51: Neutral | W51: 3 | X51: 4 | Y51: Sí
A52: P031 | B52: 72345688 | C52: Gonzalo Rafael | D52: Oliva Guevara | E52: 2025-11-04 | F52: =RANDBETWEEN(1,18) -> 2 | G52: M | H52: TEA Nivel 1 | I52: Centro TEA Zarumilla | J52: Tumbes | K52: Zarumilla | L52: 1 | M52: 1 | N52: 40 | O52: 16 | P52: 5 | Q52: =O52/(O52+P52)*100 -> 76.190476 | R52: 5.4 | S52: Fácil | T52: 2.2 | U52: 82.4 | V52: Feliz | W52: 5 | X52: 3 | Y52: Sí | Z52: Pidió repetir algunos ejercicios
A53: P032 | B53: 74345679 | C53: Valeria Sofía | D53: Paredes Muñoz | E53: 2025-11-02 | F53: =RANDBETWEEN(1,18) -> 16 | G53: F | H53: TEA Nivel 2 | I53: Centro TEA Tumbes | J53: Tumbes | K53: Tumbes | L53: 1 | M53: 2 | N53: 26 | O53: 13 | P53: 10 | Q53: =O53/(O53+P53)*100 -> 56.521739 | R53: 4.7 | S53: Medio | T53: 1.4 | U53: 58.9 | V53: Enojado | W53: 5 | X53: 3 | Y53: Sí
A54: P032 | B54: 74345679 | C54: Valeria Sofía | D54: Paredes Muñoz | E54: 2025-11-15 | F54: =RANDBETWEEN(1,18) -> 18 | G54: F | H54: TEA Nivel 2 | I54: Centro TEA Tumbes | J54: Tumbes | K54: Tumbes | L54: 2 | M54: 2 | N54: 29 | O54: 12 | P54: 4 | Q54: =O54/(O54+P54)*100 -> 75 | R54: 5.9 | S54: Medio | T54: 3.1 | U54: 48.8 | V54: Disgustado | W54: 3 | X54: 4 | Y54: No | Z54: Necesita más práctica con emociones sutiles
A55: P033 | B55: 72456780 | C55: Esteban Martín | D55: Aguilar Salas | E55: 2025-11-14 | F55: =RANDBETWEEN(1,18) -> 3 | G55: M | H55: TEA Nivel 1 | I55: Centro TEA Zorritos | J55: Contralmirante Villar | K55: Zorritos | L55: 1 | M55: 1 | N55: 38 | O55: 13 | P55: 3 | Q55: =O55/(O55+P55)*100 -> 81.25 | R55: 8.1 | S55: Fácil | T55: 1.3 | U55: 74.7 | V55: Enojado | W55: 4 | X55: 3 | Y55: Sí | Z55: Pidió repetir algunos ejercicios
A56: P034 | B56: 71567891 | C56: Liliana Patricia | D56: Benavides Torres | E56: 2025-11-11 | F56: =RANDBETWEEN(1,18) -> 8 | G56: F | H56: Síndrome de Asperger | I56: Centro TEA Tumbes | J56: Tumbes | K56: Tumbes | L56: 1 | M56: 2 | N56: 44 | O56: 14 | P56: 8 | Q56: =O56/(O56+P56)*100 -> 63.636364 | R56: 6.2 | S56: Medio | T56: 1.3 | U56: 46.7 | V56: Enojado | W56: 5 | X56: 5 | Y56: Sí | Z56: Requirió apoyo adicional del terapeuta
A57: P034 | B57: 71567891 | C57: Liliana Patricia | D57: Benavides Torres | E57: 2025-11-10 | F57: =RANDBETWEEN(1,18) -> 3 | G57: F | H57: Síndrome de Asperger | I57: Centro TEA Tumbes | J57: Tumbes | K57: Tumbes | L57: 2 | M57: 2 | N57: 25 | O57: 10 | P57: 4 | Q57: =O57/(O57+P57)*100 -> 71.428571 | R57: 5.6 | S57: Medio | T57: 2.7 | U57: 52.8 | V57: Disgustado | W57: 4 | X57: 4 | Y57: No | Z57: Dificultad con emociones complejas
A58: P035 | B58: 73678902 | C58: Adrián Sebastián | D58: Coronel Ramos | E58: 2025-11-13 | F58: =RANDBETWEEN(1,18) -> 18 | G58: M | H58: TEA Nivel 3 | I58: Centro TEA San Jacinto | J58: Tumbes | K58: San Jacinto | L58: 1 | M58: 1 | N58: 39 | O58: 7 | P58: 13 | Q58: =O58/(O58+P58)*100 -> 35 | R58: 6.3 | S58: Difícil | T58: 3.3 | U58: 64.4 | V58: Feliz | W58: 4 | X58: 5 | Y58: Sí | Z58: Excelente progreso en reconocimiento emocional
A59: P036 | B59: 74789013 | C59: Brenda Luciana | D59: Ibarra Chávez | E59: 2025-11-10 | F59: =RANDBETWEEN(1,18) -> 10 | G59: F | H59: TEA Nivel 1 | I59: Centro TEA Corrales | J59: Tumbes | K59: Corrales | L59: 1 | M59: 1 | N59: 41 | O59: 18 | P59: 2 | Q59: =O59/(O59+P59)*100 -> 90 | R59: 4.9 | S59: Fácil | T59: 1.6 | U59: 60.6 | V59: Enojado | W59: 3 | X59: 5 | Y59: Sí | Z59: Excelente progreso en reconocimiento emocional
A60: P037 | B60: 72890124 | C60: Rodrigo Jesús | D60: Contreras Moreno | E60: 2025-11-14 | F60: =RANDBETWEEN(1,18) -> 15 | G60: M | H60: TEA Nivel 2 | I60: Centro TEA Tumbes | J60: Tumbes | K60: Tumbes | L60: 1 | M60: 1 | N60: 36 | O60: 12 | P60: 5 | Q60: =O60/(O60+P60)*100 -> 70.588235 | R60: 7.9 | S60: Medio | T60: 1.2 | U60: 83.7 | V60: Feliz | W60: 4 | X60: 4 | Y60: Sí | Z60: Excelente progreso en reconocimiento emocional
A61: P038 | B61: 71901235 | C61: Ximena Gabriela | D61: Delgado Ríos | E61: 2025-11-09 | F61: =RANDBETWEEN(1,18) -> 1 | G61: F | H61: Síndrome de Asperger | I61: Centro TEA Aguas Verdes | J61: Zarumilla | K61: Aguas Verdes | L61: 1 | M61: 2 | N61: 35 | O61: 10 | P61: 3 | Q61: =O61/(O61+P61)*100 -> 76.923077 | R61: 6.6 | S61: Medio | T61: 1.8 | U61: 82.7 | V61: Enojado | W61: 3 | X61: 3 | Y61: Sí | Z61: Requirió apoyo adicional del terapeuta
A62: P038 | B62: 71901235 | C62: Ximena Gabriela | D62: Delgado Ríos | E62: 2025-10-30 | F62: =RANDBETWEEN(1,18) -> 7 | G62: F | H62: Síndrome de Asperger | I62: Centro TEA Aguas Verdes | J62: Zarumilla | K62: Aguas Verdes | L62: 2 | M62: 2 | N62: 39 | O62: 11 | P62: 4 | Q62: =O62/(O62+P62)*100 -> 73.333333 | R62: 4.1 | S62: Medio | T62: 1.3 | U62: 80.4 | V62: Neutral | W62: 4 | X62: 5 | Y62: Sí | Z62: Pidió repetir algunos ejercicios
A63: P039 | B63: 73012346 | C63: Hernán Felipe | D63: Salinas Cortez | E63: 2025-11-15 | F63: =RANDBETWEEN(1,18) -> 13 | G63: M | H63: TEA Nivel 1 | I63: Centro TEA San Juan de la Virgen | J63: Tumbes | K63: San Juan de la Virgen | L63: 1 | M63: 1 | N63: 35 | O63: 17 | P63: 6 | Q63: =O63/(O63+P63)*100 -> 73.913043 | R63: 3.8 | S63: Fácil | T63: 1.4 | U63: 59.1 | V63: Neutral | W63: 5 | X63: 5 | Y63: Sí | Z63: Se distrajo en algunos momentos
A64: P040 | B64: 74123457 | C64: Yesenia Maribel | D64: Mendoza Vargas | E64: 2025-11-10 | F64: =RANDBETWEEN(1,18) -> 10 | G64: F | H64: TEA Nivel 2 | I64: Centro TEA Tumbes | J64: Tumbes | K64: Tumbes | L64: 1 | M64: 1 | N64: 27 | O64: 8 | P64: 10 | Q64: =O64/(O64+P64)*100 -> 44.444444 | R64: 6.5 | S64: Medio | T64: 3 | U64: 74.3 | V64: Feliz | W64: 4 | X64: 4 | Y64: Sí | Z64: Pidió repetir algunos ejercicios
A65: P041 | B65: 73983862 | C65: Josué Joel | D65: Prado Zárate | E65: 2025-10-30 | F65: =RANDBETWEEN(1,18) -> 15 | G65: M | H65: TEA Nivel 2 | I65: Centro TEA Tumbes | J65: Tumbes | K65: Tumbes | L65: 1 | M65: 1 | N65: 45 | O65: 12 | P65: 10 | Q65: =O65/(O65+P65)*100 -> 54.545455 | R65: 7.9 | S65: Medio | T65: 1.6 | U65: 43.8 | V65: Disgustado | W65: 5 | X65: 4 | Y65: Sí | Z65: Mostró gran interés en la actividad
... A70: P043 | B70: 05640916 | C70: Violeta | D70: Ruiz Saavedra | E70: 2025-11-08 | F70: =RANDBETWEEN(1,18) -> 11 | G70: F | H70: TEA Nivel 1 | I70: Centro TEA Tumbes | J70: Tumbes | K70: Tumbes | L70: 3 | M70: 3 | N70: 36 | O70: 15 | P70: 4 | Q70: =O70/(O70+P70)*100 -> 78.947368 | R70: 7.1 | S70: Medio | T70: 3.5 | U70: 45.6 | V70: Triste | W70: 4 | X70: 5 | Y70: Sí | Z70: Pidió repetir algunos ejercicios
A71: P044 | B71: 77326403 | C71: Saúl | D71: Peña Acaro | E71: 2025-11-16 | F71: =RANDBETWEEN(1,18) -> 7 | G71: M | H71: TEA Nivel 3 | I71: Centro TEA Tumbes | J71: Tumbes | K71: Tumbes | L71: 1 | M71: 3 | N71: 35 | O71: 9 | P71: 11 | Q71: =O71/(O71+P71)*100 -> 45 | R71: 6.7 | S71: Difícil | T71: 3.4 | U71: 80.8 | V71: Triste | W71: 5 | X71: 3 | Y71: Sí
A72: P044 | B72: 77326403 | C72: Saúl | D72: Peña Acaro | E72: 2025-11-04 | F72: =RANDBETWEEN(1,18) -> 9 | G72: M | H72: TEA Nivel 3 | I72: Centro TEA Tumbes | J72: Tumbes | K72: Tumbes | L72: 2 | M72: 3 | N72: 33 | O72: 6 | P72: 12 | Q72: =O72/(O72+P72)*100 -> 33.333333 | R72: 3.7 | S72: Difícil | T72: 2.9 | U72: 67.9 | V72: Feliz | W72: 3 | X72: 5 | Y72: Sí | Z72: Mostró gran interés en la actividad
A73: P044 | B73: 77326403 | C73: Saúl | D73: Peña Acaro | E73: 2025-10-29 | F73: =RANDBETWEEN(1,18) -> 3 | G73: M | H73: TEA Nivel 3 | I73: Centro TEA Tumbes | J73: Tumbes | K73: Tumbes | L73: 3 | M73: 3 | N73: 44 | O73: 10 | P73: 11 | Q73: =O73/(O73+P73)*100 -> 47.619048 | R73: 7.3 | S73: Medio | T73: 2.3 | U73: 84.5 | V73: Disgustado | W73: 3 | X73: 3 | Y73: Sí | Z73: Requirió apoyo adicional del terapeuta
A74: P045 | B74: 03371079 | C74: Fernando | D74: Jara Ramos | E74: 2025-10-31 | F74: =RANDBETWEEN(1,18) -> 1 | G74: M | H74: TEA Nivel 2 | I74: Centro TEA La Cruz | J74: Tumbes | K74: La Cruz | L74: 1 | M74: 3 | N74: 36 | O74: 11 | P74: 9 | Q74: =O74/(O74+P74)*100 -> 55 | R74: 4.6 | S74: Medio | T74: 1.7 | U74: 74.2 | V74: Triste | W74: 3 | X74: 5 | Y74: No | Z74: Dificultad con emociones complejas
A75: P045 | B75: 03371079 | C75: Fernando | D75: Jara Ramos | E75: 2025-11-15 | F75: =RANDBETWEEN(1,18) -> 3 | G75: M | H75: TEA Nivel 2 | I75: Centro TEA La Cruz | J75: Tumbes | K75: La Cruz | L75: 2 | M75: 3 | N75: 45 | O75: 13 | P75: 4 | Q75: =O75/(O75+P75)*100 -> 76.470588 | R75: 8.2 | S75: Medio | T75: 1.5 | U75: 55 | V75: Disgustado | W75: 3 | X75: 5 | Y75: No | Z75: Se distrajo en algunos momentos
A76: P045 | B76: 03371079 | C76: Fernando | D76: Jara Ramos | E76: 2025-11-12 | F76: =RANDBETWEEN(1,18) -> 12 | G76: M | H76: TEA Nivel 2 | I76: Centro TEA La Cruz | J76: Tumbes | K76: La Cruz | L76: 3 | M76: 3 | N76: 35 | O76: 10 | P76: 9 | Q76: =O76/(O76+P76)*100 -> 52.631579 | R76: 4.7 | S76: Medio | T76: 2.1 | U76: 73.4 | V76: Neutral | W76: 5 | X76: 5 | Y76: Sí | Z76: Excelente progreso en reconocimiento emocional
A77: P046 | B77: 46219639 | C77: Ignacio | D77: Ramírez Martínez | E77: 2025-11-08 | F77: =RANDBETWEEN(1,18) -> 13 | G77: M | H77: TEA Nivel 2 | I77: Centro TEA Corrales | J77: Tumbes | K77: Corrales | L77: 1 | M77: 1 | N77: 43 | O77: 11 | P77: 8 | Q77: =O77/(O77+P77)*100 -> 57.894737 | R77: 8 | S77: Medio | T77: 1.3 | U77: 49.5 | V77: Disgustado | W77: 4 | X77: 3 | Y77: Sí | Z77: Comprensión clara de las instrucciones
A78: P047 | B78: 63270651 | C78: Deiser | D78: García Velásquez | E78: 2025-11-08 | F78: =RANDBETWEEN(1,18) -> 4 | G78: M | H78: TEA Nivel 1 | I78: Centro TEA Zarumilla | J78: Tumbes | K78: Zarumilla | L78: 1 | M78: 1 | N78: 38 | O78: 15 | P78: 6 | Q78: =O78/(O78+P78)*100 -> 71.428571 | R78: 3.5 | S78: Fácil | T78: 3.4 | U78: 81.6 | V78: Neutral | W78: 3 | X78: 3 | Y78: No | Z78: Comprensión clara de las instrucciones
A79: P048 | B79: 47454121 | C79: Tania | D79: Gonzales Vílchez | E79: 2025-11-15 | F79: =RANDBETWEEN(1,18) -> 10 | G79: F | H79: TEA Nivel 1 | I79: Centro TEA Tumbes | J79: Tumbes | K79: Tumbes | L79: 1 | M79: 1 | N79: 38 | O79: 15 | P79: 2 | Q79: =O79/(O79+P79)*100 -> 88.235294 | R79: 6.9 | S79: Medio | T79: 1.8 | U79: 58.9 | V79: Triste | W79: 5 | X79: 3 | Y79: No | Z79: Comprensión clara de las instrucciones
A80: P049 | B80: 76490189 | C80: Sofía | D80: Vergara Vásquez | E80: 2025-11-02 | F80: =RANDBETWEEN(1,18) -> 12 | G80: F | H80: TEA Nivel 1 | I80: Centro TEA Pampas de Hospital | J80: Tumbes | K80: Pampas de Hospital | L80: 1 | M80: 1 | N80: 44 | O80: 14 | P80: 4 | Q80: =O80/(O80+P80)*100 -> 77.777778 | R80: 7.4 | S80: Fácil | T80: 2 | U80: 47.3 | V80: Neutral | W80: 3 | X80: 5 | Y80: Sí

Sheet Estadísticas
A1: RESUMEN ESTADÍSTICO
A3: Métrica | B3: Valor | C3: Fórmula | D3: Descripción
A4: Total Participantes | B4: 49 | C4: Cuenta participantes únicos | D4: Número total de personas que completaron pruebas
A5: Edad Promedio | B5: =AVERAGE('Datos Participantes'!F2:F200) -> 9.0506329 | C5: Promedio de edades | D5: Edad media de los participantes
A6: Precisión Promedio (%) | B6: =AVERAGE('Datos Participantes'!Q2:Q200) -> 67.487346 | C6: Promedio de precisión | D6: Efectividad promedio en reconocimiento
A7: Duración Promedio (min) | B7: =AVERAGE('Datos Participantes'!N2:N200) -> 35.797468 | C7: Tiempo promedio de sesión | D7: Duración media de uso de la app
A8: Satisfacción Promedio | B8: =AVERAGE('Datos Participantes'!W2:W200) -> 4.1265823 | C8: Promedio satisfacción (1-5) | D8: Nivel promedio de satisfacción
A9: Facilidad Uso Promedio | B9: =AVERAGE('Datos Participantes'!X2:X200) -> 4.1012658 | C9: Promedio facilidad (1-5) | D9: Percepción de facilidad de uso
A10: % Continuaría Usando | B10: =COUNTIF('Datos Participantes'!Y2:Y200,"Sí")/COUNTA('Datos Participantes'!Y2:Y200)*100 -> 70.886076 | C10: Porcentaje disposición a continuar | D10: Porcentaje que seguiría usando la app
A11: Emoción predominante más frecuente | B11: Neutral | C11: Moda de columna | D11: Emoción más común detectada en participantes
A13: DISTRIBUCIÓN DE EMOCIÓN PREDOMINANTE
A15: Emoción | B15: Frecuencia | C15: Porcentaje
A16: Feliz | B16: =COUNTIF('Datos Participantes'!V:V,"Feliz") -> 14 | C16: =COUNTIF('Datos Participantes'!V:V,"Feliz")/COUNTA('Datos Participantes'!V2:V200)*100 -> 17.721519
A17: Neutral | B17: =COUNTIF('Datos Participantes'!V:V,"Neutral") -> 19 | C17: =COUNTIF('Datos Participantes'!V:V,"Neutral")/COUNTA('Datos Participantes'!V2:V200)*100 -> 24.050633
A18: Triste | B18: =COUNTIF('Datos Participantes'!V:V,"Triste") -> 14 | C18: =COUNTIF('Datos Participantes'!V:V,"Triste")/COUNTA('Datos Participantes'!V2:V200)*100 -> 17.721519
A19: Enojado | B19: =COUNTIF('Datos Participantes'!V:V,"Enojado") -> 17 | C19: =COUNTIF('Datos Participantes'!V:V,"Enojado")/COUNTA('Datos Participantes'!V2:V200)*100 -> 21.518987
A20: Disgustado | B20: =COUNTIF('Datos Participantes'!V:V,"Disgustado") -> 15 | C20: =COUNTIF('Datos Participantes'!V:V,"Disgustado")/COUNTA('Datos Participantes'!V2:V200)*100 -> 18.987342
A21: TOTAL | B21: =SUM(B16:B20) -> 79 | C21: =SUM(C16:C20) -> 100

Sheet Diccionario Datos
A1: DICCIONARIO DE DATOS
A3: Campo | B3: Tipo | C3: Valores Permitidos | D3: Descripción
A4: ID_Participante | B4: Texto | C4: P001-P050 | D4: Código único anónimo del participante
A5: DNI | B5: Texto | C5: 8 dígitos | D5: Documento Nacional de Identidad (uso interno)
A6: Nombres | B6: Texto | C6: Texto libre | D6: Nombres del participante
A7: Apellidos | B7: Texto | C7: Texto libre | D7: Apellidos del participante
A8: Fecha_Prueba | B8: Fecha | C8: YYYY-MM-DD | D8: Fecha en que se realizó la sesión
A9: Edad | B9: Número | C9: 18-60 | D9: Edad del participante en años
A10: Sexo | B10: Texto | C10: M, F | D10: Sexo del participante
A11: Nivel_TEA | B11: Texto | C11: TEA Nivel 1/2/3, Síndrome de Asperger | D11: Nivel diagnosticado del TEA
A12: Institucion | B12: Texto | C12: Texto libre | D12: Nombre del centro donde se realizó
A13: Ciudad | B13: Texto | C13: Tumbes, Lima, etc | D13: Provincia donde se realizó la prueba
A14: Distrito | B14: Texto | C14: Texto libre | D14: Distrito específico
... A29: Observaciones | B29: Texto | C29: Texto libre | D29: Comentarios del participante, terapeuta o evaluador
